{
  "FunctionName": "daab-lab-fp5a-S3_Unzip",
  "FunctionArn": "arn:aws:lambda:us-east-1:442483223120:function:daab-lab-fp5a-S3_Unzip",
  "Runtime": "python3.9",
  "Role": "arn:aws:iam::442483223120:role/daab-lab-fp5a-S3_Unzip_Role",
  "Handler": "lambda_function.lambda_handler",
  "CodeSize": 2013,
  "Description": "Download ZIP archive file from S3, extract it, and upload GZip'd member files to S3",
  "Timeout": 60,
  "MemorySize": 128,
  "LastModified": "2023-01-08T20:02:05.000+0000",
  "CodeSha256": "7A5gkp0fzU+XZPDMzVNWQqk2POkLdrBlxRPCb835p54=",
  "Version": "$LATEST",
  "Environment": {
    "Variables": {
      "Region": "us-east-1",
      "Stack": "daab-lab-fp5a"
    }
  },
  "TracingConfig": {
    "Mode": "PassThrough"
  },
  "RevisionId": "16ef709f-6db9-43e6-8990-0658f9f50a85",
  "State": "Active",
  "LastUpdateStatus": "Successful",
  "PackageType": "Zip",
  "Architectures": [
    "x86_64"
  ]
}